<?xml version="1.0" encoding="UTF-8"?>
<project-private xmlns="http://www.netbeans.org/ns/project-private/1">
    <editor-bookmarks xmlns="http://www.netbeans.org/ns/editor-bookmarks/2" lastBookmarkId="2"/>
    <open-files xmlns="http://www.netbeans.org/ns/projectui-open-files/2">
        <group>
            <file>file:/E:/2DAM/AD/Repaso/Practica1/src/practica1/Cuadrado.java</file>
            <file>file:/E:/2DAM/AD/Repaso/Practica1/src/practica1/Triangulo.java</file>
            <file>file:/E:/2DAM/AD/Repaso/Practica1/src/practica1/Practica1.java</file>
            <file>file:/E:/2DAM/AD/Repaso/Practica1/src/practica1/Punto.java</file>
            <file>file:/E:/2DAM/AD/Repaso/Practica1/src/practica1/Rectangulo.java</file>
            <file>file:/E:/2DAM/AD/Repaso/Practica1/src/practica1/Lienzo.java</file>
            <file>file:/E:/2DAM/AD/Repaso/Practica1/src/practica1/Figura.java</file>
            <file>file:/E:/2DAM/AD/Repaso/Practica1/src/practica1/Circulo.java</file>
            <file>file:/E:/2DAM/AD/Repaso/Practica1/src/practica1/Dibujable.java</file>
        </group>
    </open-files>
</project-private>
